<?xml version="1.0" encoding="UTF-8"?>
<GenRun Id="impl_1" LaunchPart="xc7k160tfbv676-1" LaunchTime="1609249440">
  <File Type="PA-TCL" Name="aes_decryption.tcl"/>
  <File Type="BITSTR-BMM" Name="aes_decryption_bd.bmm"/>
  <File Type="REPORTS-TCL" Name="aes_decryption_reports.tcl"/>
  <File Type="OPT-DCP" Name="aes_decryption_opt.dcp"/>
  <File Type="OPT-DRC" Name="aes_decryption_drc_opted.rpt"/>
  <File Type="OPT-HWDEF" Name="aes_decryption.hwdef"/>
  <File Type="PWROPT-DCP" Name="aes_decryption_pwropt.dcp"/>
  <File Type="PLACE-DCP" Name="aes_decryption_placed.dcp"/>
  <File Type="PLACE-PRE-SIMILARITY" Name="aes_decryption_incremental_reuse_pre_placed.rpt"/>
  <File Type="BG-BGN" Name="aes_decryption.bgn"/>
  <File Type="POSTPLACE-PWROPT-DCP" Name="aes_decryption_postplace_pwropt.dcp"/>
  <File Type="BG-BIN" Name="aes_decryption.bin"/>
  <File Type="PHYSOPT-DCP" Name="aes_decryption_physopt.dcp"/>
  <File Type="BITSTR-MSK" Name="aes_decryption.msk"/>
  <File Type="ROUTE-ERROR-DCP" Name="aes_decryption_routed_error.dcp"/>
  <File Type="ROUTE-DCP" Name="aes_decryption_routed.dcp"/>
  <File Type="ROUTE-BLACKBOX-DCP" Name="aes_decryption_routed_bb.dcp"/>
  <File Type="BITSTR-LTX" Name="aes_decryption.ltx"/>
  <File Type="BITSTR-MMI" Name="aes_decryption.mmi"/>
  <File Type="BITSTR-SYSDEF" Name="aes_decryption.sysdef"/>
  <File Type="ROUTE-TIMING-PB" Name="aes_decryption_timing_summary_routed.pb"/>
  <File Type="POSTROUTE-PHYSOPT-DCP" Name="aes_decryption_postroute_physopt.dcp"/>
  <File Type="POSTROUTE-PHYSOPT-BLACKBOX-DCP" Name="aes_decryption_postroute_physopt_bb.dcp"/>
  <File Type="BG-BIT" Name="aes_decryption.bit"/>
  <File Type="BITSTR-RBT" Name="aes_decryption.rbt"/>
  <File Type="BITSTR-NKY" Name="aes_decryption.nky"/>
  <File Type="BG-DRC" Name="aes_decryption.drc"/>
  <File Type="RDI-RDI" Name="aes_decryption.vdi"/>
  <File Type="WBT-USG" Name="usage_statistics_webtalk.html"/>
  <FileSet Name="sources" Type="DesignSrcs" RelSrcDir="$PSRCDIR/sources_1">
    <Filter Type="Srcs"/>
    <File Path="$PSRCDIR/sources_1/new/invcolumns.v">
      <FileInfo>
        <Attr Name="UsedIn" Val="synthesis"/>
        <Attr Name="UsedIn" Val="implementation"/>
        <Attr Name="UsedIn" Val="simulation"/>
      </FileInfo>
    </File>
    <File Path="$PSRCDIR/sources_1/new/invshiftrows.v">
      <FileInfo>
        <Attr Name="UsedIn" Val="synthesis"/>
        <Attr Name="UsedIn" Val="implementation"/>
        <Attr Name="UsedIn" Val="simulation"/>
      </FileInfo>
    </File>
    <File Path="$PSRCDIR/sources_1/new/invsubst.v">
      <FileInfo>
        <Attr Name="UsedIn" Val="synthesis"/>
        <Attr Name="UsedIn" Val="implementation"/>
        <Attr Name="UsedIn" Val="simulation"/>
      </FileInfo>
    </File>
    <File Path="$PSRCDIR/sources_1/new/keygen.v">
      <FileInfo>
        <Attr Name="UsedIn" Val="synthesis"/>
        <Attr Name="UsedIn" Val="implementation"/>
        <Attr Name="UsedIn" Val="simulation"/>
      </FileInfo>
    </File>
    <File Path="$PSRCDIR/sources_1/new/round_num.v">
      <FileInfo>
        <Attr Name="UsedIn" Val="synthesis"/>
        <Attr Name="UsedIn" Val="implementation"/>
        <Attr Name="UsedIn" Val="simulation"/>
      </FileInfo>
    </File>
    <File Path="$PSRCDIR/sources_1/new/roundnum_last.v">
      <FileInfo>
        <Attr Name="UsedIn" Val="synthesis"/>
        <Attr Name="UsedIn" Val="implementation"/>
        <Attr Name="UsedIn" Val="simulation"/>
      </FileInfo>
    </File>
    <File Path="$PSRCDIR/sources_1/new/sbox1.v">
      <FileInfo>
        <Attr Name="UsedIn" Val="synthesis"/>
        <Attr Name="UsedIn" Val="implementation"/>
        <Attr Name="UsedIn" Val="simulation"/>
      </FileInfo>
    </File>
    <File Path="$PSRCDIR/sources_1/new/sboxinv.v">
      <FileInfo>
        <Attr Name="UsedIn" Val="synthesis"/>
        <Attr Name="UsedIn" Val="implementation"/>
        <Attr Name="UsedIn" Val="simulation"/>
      </FileInfo>
    </File>
    <File Path="$PSRCDIR/sources_1/new/aesmerged.v">
      <FileInfo>
        <Attr Name="UsedIn" Val="synthesis"/>
        <Attr Name="UsedIn" Val="implementation"/>
        <Attr Name="UsedIn" Val="simulation"/>
      </FileInfo>
    </File>
    <Config>
      <Option Name="DesignMode" Val="RTL"/>
      <Option Name="TopModule" Val="aes_decryption"/>
    </Config>
  </FileSet>
  <FileSet Name="constrs_in" Type="Constrs" RelSrcDir="$PSRCDIR/constrs_1">
    <Filter Type="Constrs"/>
    <Config>
      <Option Name="ConstrsType" Val="XDC"/>
    </Config>
  </FileSet>
  <FileSet Name="utils" Type="Utils" RelSrcDir="$PSRCDIR/utils_1">
    <Filter Type="Utils"/>
    <Config>
      <Option Name="TopAutoSet" Val="TRUE"/>
    </Config>
  </FileSet>
  <Strategy Version="1" Minor="2">
    <StratHandle Name="Vivado Implementation Defaults" Flow="Vivado Implementation 2018"/>
    <Step Id="init_design"/>
    <Step Id="opt_design"/>
    <Step Id="power_opt_design"/>
    <Step Id="place_design"/>
    <Step Id="post_place_power_opt_design"/>
    <Step Id="phys_opt_design"/>
    <Step Id="route_design"/>
    <Step Id="post_route_phys_opt_design"/>
    <Step Id="write_bitstream"/>
  </Strategy>
</GenRun>
